run_id,execution_order,task_id,group,replicate,base_requirement_path,intervention_path,model,temperature,reasoning_effort,context_length_estimate,injected_experience_count,output_file_count,start_time,end_time,duration_minutes,status,failure_reason,retry_of,execution_quality_verdict,operator,notes
async-baseline-r01,1,task-async-form,baseline,1,experiments/tasks/task-async-form.md,experiments/interventions/baseline.md,platform-controlled,platform-controlled,platform-controlled,,0,19,,,,valid,,,VALID,agent-batch,parallel subagent
async-baseline-r02,2,task-async-form,baseline,2,experiments/tasks/task-async-form.md,experiments/interventions/baseline.md,platform-controlled,platform-controlled,platform-controlled,,0,11,,,,valid,,,VALID,agent-batch,
async-baseline-r03,3,task-async-form,baseline,3,experiments/tasks/task-async-form.md,experiments/interventions/baseline.md,platform-controlled,platform-controlled,platform-controlled,,0,14,,,,valid,,,VALID,agent-batch,
async-skill-r01,4,task-async-form,experience-skill,1,experiments/tasks/task-async-form.md,experiments/interventions/experience-skill.md,platform-controlled,platform-controlled,platform-controlled,,5,18,,,,valid,,,VALID,agent-batch,
async-skill-r02,5,task-async-form,experience-skill,2,experiments/tasks/task-async-form.md,experiments/interventions/experience-skill.md,platform-controlled,platform-controlled,platform-controlled,,5,19,,,,valid,,,VALID,agent-batch,
async-skill-r03,6,task-async-form,experience-skill,3,experiments/tasks/task-async-form.md,experiments/interventions/experience-skill.md,platform-controlled,platform-controlled,platform-controlled,,5,18,,,,valid,,,VALID_WITH_LIMITATIONS,agent-batch,metadata path corrected post-run
async-full-r01,7,task-async-form,full-prompt,1,experiments/tasks/task-async-form.md,experiments/interventions/full-prompt.md,platform-controlled,platform-controlled,platform-controlled,,18,23,,,,valid,,,VALID,agent-batch,
async-full-r02,8,task-async-form,full-prompt,2,experiments/tasks/task-async-form.md,experiments/interventions/full-prompt.md,platform-controlled,platform-controlled,platform-controlled,,18,16,,,,valid,,,VALID_WITH_LIMITATIONS,agent-batch,added missing src/index.css for build
async-full-r03,9,task-async-form,full-prompt,3,experiments/tasks/task-async-form.md,experiments/interventions/full-prompt.md,platform-controlled,platform-controlled,platform-controlled,,18,16,,,,valid,,,VALID,agent-batch,
